ID,Name,Type_of_Mod,Country,Primary_Game
pqn4g6rckpa29mff0gbvp8fkqbjrw7xo,Jacqueline Stewart,Bug Fix,United States,In Sound Mind
k39s9bhwo6l2mxg6ibw9i5f1b3ppolxl,Gilbert Raynaud-Schneider,New Content,France,Rebel Galaxy Outlaw
oifji118l30pyn1qi5j32m7fcgl3tkqv,Tracy Lawrence,New Content,China,Rogue Legacy 2
6mafyb0qf7y15tnueswjpbw9hkafi78d,Andreas Borg,Gameplay Overhaul,Sweden,Clid The Snail
m17ymednce8dne1n6wvofvdjbefip3o3,Anthony Estrada,Gameplay Overhaul,United States,EA STAR WARS™ TRIPLE BUNDLE
nbwgskwd3x2kb6jy5r1sppn74pf4io2x,Ms Mary Miller,New Content,United Kingdom,Automachef
b365tyagi9uolgld7did96jdo7nl3gih,pan Damian Głownia,New Content,Poland,Shadowrun: Dragonfall - Director’s Cut
xdbafdgjiqlu7psu7f58jbf9p9wuvusp,Mrs Lynn Carter,Gameplay Overhaul,United Kingdom,Curse of the Dead Gods
37ov9wxhvy3nukondhkbrjiglg08yvu6,Klara Kambs,Gameplay Overhaul,Germany,Bloodroots
1jlmhutr72nv2670co6z5j27es0rgpj4,André Renaud,Gameplay Overhaul,France,What Remains of Edith Finch
dj9ihjdqdfq2yggafdr3tgwj7pum32yp,Jose Guerra,Translation,United States,The Fall Part 2: Unbound
9c59e7f1811mzwncnpir7nzbxfv7fiux,Univ.Prof. Friedlinde Schleich,New Content,Germany,Port Royale 4
ak2hopq0ux5pgem9iuyz9tos7cuwb3es,Yoon Do-yeon,Graphics Enhancement,South Korea,RiME
aj7srgfg46k9y8pzeks48mqvflgh6h7l,Mr Ronald Wood,Sound Overhaul,United Kingdom,Aven Colony
v2h31pheiv6ddzv7txx6lk7iazgq095e,Sergio Knox,Translation,United States,VR Funhouse
lzwqx9vsnh0e9h2bvwv6yshhyafvnuy8,Karol Działa,New Content,Poland,BIOMUTANT
h3w6d6zj6ml55uqolf8mjl8n0ywq7an7,Thales Macedo,New Content,Brazil,SpellForce 3: Fallen God
gomc6e8dm27375c98thx4x6bl7ij90ql,Maria Persson,Graphics Enhancement,Sweden,Detroit: Become Human
ztwxol4bkuu5czeccfs7i19mo1rtsxof,Park Do-yeon,Graphics Enhancement,South Korea,Pillars of Eternity - Definitive Edition
srdv4eehrdwrkqyuyqrjzbzmt6y6tl71,Matsumoto Yuta,Quality of Life,Japan,No Longer Home
ptv9l660nffrtxs6y04n3ysf3r2vouqr,Phillip Snyder,New Content,United States,DRAGON QUEST® XI S: Echoes of an Elusive Age™
dxhyou5mhsbdj532fpkp555n2r9lm86r,Danny Cox-Hall,Quality of Life,United Kingdom,Warframe
vdqbhsc2ep33tvz7mjjl1zc4k31jcn5q,Michael Steele,Graphics Enhancement,United States,The Longest Road on Earth
pbesyoz7de9bxzj0fv1xq7jjzl6odf43,Błażej Stawczyk,Sound Overhaul,Poland,The Talos Principle
7tw1puwsnffykpl3cho3xjvoegi3qupx,Debra Christian,Gameplay Overhaul,United States,Heavy Rain
mruwnn6lxynuwpkn646uw7ye46f7761x,Ashley Richardson,Graphics Enhancement,United States,Those Who Remain
6wkhvpp55u1r8a5j8ur63nyir1dkf84q,Васильева Марина Натановна,Gameplay Overhaul,Russia,The Last Show of Mr. Chardish
qduily7e5rxrmjoppriludqd6od6ih10,Pepijn Dirven-Westermann,Graphics Enhancement,Netherlands,Evan's Remains
1j8rgo5sebbmjxmikwmvw9kqkeznl0hh,Erika Johansson,New Content,Sweden,Mafia III: Definitive Edition
nc19arsoz9e5gv7p2a2q9ojf3c07bti1,Denis Stephenson,New Content,United Kingdom,Jaws of Extinction
395eri8d5sj4wldy8j1ui9l69isxuwvw,Brayan Montenegro,Gameplay Overhaul,Brazil,Zombie Army 4: Dead War
ckmalq5u6jzv9nou3dyms1mwnpr424tk,Suzuki Yuta,Quality of Life,Japan,God's Trigger
4lux4l863a1ny0tr2zik2rqmfswpy6ef,Kathryn Edwards,Gameplay Overhaul,United Kingdom,Super Squad
jokff6o9u81mchikj7p00izuoit8e8aj,Eugene Martinez,Graphics Enhancement,United States,The Jackbox Party Pack 8
bon403kf63red7lj8mm03al44locgn4m,Lori Crawford,Sound Overhaul,United States,Siege Survival - Gloria Victis
eoi3qijtwv1mm9432b62346a4ryaek5a,Sharon Weston,Bug Fix,United Kingdom,Overcooked! 2
y2o6s7cmd2g5aats0x7xk2lqqfsl828y,Olga Baumgart,Bug Fix,Poland,Crysis Remastered Trilogy
jit6f5q4myixxja3wx6ilj42cw9j51kp,Jodie Davies,Quality of Life,United Kingdom,This War of Mine
p6y563p373tbo5zuujonbg9rfgxj6077,Jacqueline Marshall,New Content,United States,Omen Of Sorrow
d86dfnwpnhehere2agif4st5tvgoajne,Édouard-Guy Normand,Bug Fix,France,theHunter: Call of the Wild™
y7ebgbgchu8fbpscmqcneqceptq9xuna,Liliana Marazzi,Graphics Enhancement,Italy,Moving Out
oc0kn6ahqr2ime3lm75q7gx2slgor0a5,Inoue Naoki,New Content,Japan,Shadowrun Trilogy
79lyqp2u7nywbtf4qkw19tlklnk3y9bd,Jacques Andre,Graphics Enhancement,France,FUSER™
xezxpfhakr2aggl6xcjdp9t6m7rjbn9q,Patrick Harris,Graphics Enhancement,United States,Before Your Eyes
lzr015k9co1ski045yhshzd14ftnm8vh,Adrian Bradshaw,New Content,United Kingdom,Amnesia: Rebirth
cnxhb9fp9zsqdf9335mr83de2ngtg5ha,Лев Анатольевич Филиппов,Quality of Life,Russia,Ancestors: The Humankind Odyssey
h3hipc9spw17kf6jzqf2rkaorexft0sa,Mark Evans,New Content,United States,20XX
dwd7oi0pesgbm65q57te8tvq05pxt6ri,Takahashi Aoi,Graphics Enhancement,Japan,UnMetal
k93s3oxnfwwwggrpnxy9ve90e0wno0wd,Darlene Gilbert,Quality of Life,United States,Dream Engines: Nomad Cities
fofxsfvlld1z4n05j3ayovq7dv8f39cd,Stella Vieira,Translation,Brazil,Nexomon: Extinction
pbxce9zkihv17miav1g8ntafuw93eioi,Jasmine Bond,Graphics Enhancement,United Kingdom,TOEM
gqqh70k4sysava730wkz50vq2fi8v9gs,Saito Kenji,New Content,Japan,Killing Floor 2
nx85j2s2da89otcj81rtaogze5xfffgf,Sato Sora,New Content,Japan,Salt and Sanctuary
rntdr5xyfc4kl8cgn0t6dvwrb7f6fdhg,Paweł Murat,Graphics Enhancement,Poland,Those Who Remain
e89fx5rx1kkc1xi04b7p47b42g05kbkv,Daniel Jones,Quality of Life,United States,Brave
y80pfsrq8stzqbfu7e4dnkseknkbf2p7,Angelica Bloch,Graphics Enhancement,Germany,Metro Exodus Standard Edition
vfpvu2lydkg2d7gg3z4zldajjo5okhf2,Васильева Мария Павловна,Quality of Life,Russia,Assassin’s Creed® Valhalla + Immortals Fenyx Rising™ Bundle
86elqsj2qs9d3r3040hiil7w6atjlono,Adrienne Jones,Quality of Life,United States,Idle Champions of the Forgotten Realms
etq0dauc4rp6ply26v9lfbjxt3cnry58,Kimberly Robinson,Gameplay Overhaul,United States,Costume Quest
tsmznms8ijjunwu1zjmkfu904ht2lsvr,Фадеев Сократ Елисеевич,Quality of Life,Russia,NEO: The World Ends with You
fqbki13y6yf36nysczqwynvvrm1tpkqt,Hortense Delannoy,Quality of Life,France,KINGDOM HEARTS Melody of Memory
vod3rs2nu4bmztne0v4hu270a0wemmhm,Tyler Hernandez,Gameplay Overhaul,Australia,SUPERHOT: Mind Control Delete
oh3yrghwzkag6w04ygyflq8xpa95g1am,Bae Eun-ji,Graphics Enhancement,South Korea,TowerFall Ascension
rpj0ppkjuoy74xpaakh0im9dbyq2zwa6,Margareta Larsson,Gameplay Overhaul,Sweden,KID A MNESIA EXHIBITION
ekxdrkz40aq15o2nqw4c6lbpj8t22c50,Eduardo da Costa,Bug Fix,Brazil,Wolfstride
9blb8nd6nylr9a2b0x2vvi7aijwkb0tn,Kathleen Herring,New Content,Australia,Enter the Gungeon
jdzcya1jusshu1bacxf6rnh5ehywfcdv,Elli Klingelhöfer,Graphics Enhancement,Germany,Transistor
b3i4fieecy2c11bd2scejcy127h6gmd4,Mr Kyle Kent,New Content,United Kingdom,Krita
zfy40i6qv4tl70zo6rdb103gw7s43ice,Kevin Williams,Sound Overhaul,United States,The Chameleon
o3i9lliffcvedqfc1yuzpex7tv7hrbfg,Park Seo-yeon,Translation,South Korea,The Talos Principle
tn0uonqaipt6ur9xrwnnvgqcqnyiadpz,Heidi Owen,Quality of Life,United States,CORRUPTION 2029
ojd27id7sbj7tfmnpgt71k4f2q8ewk8n,Трофимов Галактион Демидович,Bug Fix,Russia,Mars Horizon
ru4nlgv1of6bcwfo7rdj9lcoy4xcqr5u,Natasza Świstek,Gameplay Overhaul,Poland,Stranded Deep
uzmxl244vrbj3hio0a89jptt0ix1sstc,Thérèse Morel de la Baron,Graphics Enhancement,France,RollerCoaster Tycoon Adventures
ku0e4qu8inr1s4vuva1si69ktiv06kbk,Diane Pruitt,New Content,United States,Railway Empire
7njte0y4hi5bhj3kfxsmtsvawnwgxv38,Shin Seo-jun,New Content,South Korea,Kine
z1gwjinx5bwne4q77ag3yn2yjw20c1n0,Donna Marshall,Bug Fix,Australia,Horizon Chase Turbo
dbw275hoekd9qq9iqhd6vx67qbh397ah,Margareta Johansson,Gameplay Overhaul,Sweden,God's Trigger
m0ib3w4witr0meva7j6oy77g620cofzo,Klas Andersson,Graphics Enhancement,Sweden,Dying Light 2 Stay Human
k3zezqacj4t0sekkbp2qd6vasifpwiox,Takahashi Mei,Graphics Enhancement,Japan,Neverwinter
rvi91m045v7wyh1xa0h6ip6c9nsj37px,Michael White,New Content,United States,Enter the Gungeon
00n114py4fngbg4pdfcopzfzz5t6v8vl,Emily Bennett,New Content,Australia,Ashwalkers
tj9kxup3yymitmufa26qcf51q70aaii7,Luke Robinson,Translation,United States,CARRION
9css9toqw9ja2m0w10lbt3g2qzw3c1qk,April Nguyen,Translation,United States,Alluris
7nnlknwt9yxy12o5mlhz14euabpne525,Justin Goodwin,Gameplay Overhaul,United States,Observer: System Redux
0ojt5lpxn9ecao6bfzrwmh05avcjsoc5,Давыдов Всемил Фокич,New Content,Russia,Trials Rising Standard Edition
ynje2otbpcmoy84fypgpnexxe3ix49ek,Ann Heath,Gameplay Overhaul,United Kingdom,Farming Simulator 22
8c3fz47i07140k36faoprmoc0k7ztdl2,Shannon Rivera,Gameplay Overhaul,United States,HUMANKIND™ Standard Edition
boofpeouc4c25swg623j737xrnrmepsv,Баранов Касьян Филимонович,New Content,Russia,Horror Story: Hallowseed
ze45xpiayc1y4yhga6rpki9to9hb0jeo,Jessica Hull,Gameplay Overhaul,Australia,Myst
iw5a7kygl4bm3axw41zu4jo0phw9yhyw,Severin Oderwald-Weller,Translation,Germany,Defense Grid: The Awakening
0iuga4fegyyj5n860ath9kp6asssulja,Julie Rörricht,New Content,Germany,Outer Wilds
hydrgfr27riu9mjyg4s3meiur9211u64,Селиверстова Евгения Георгиевна,Graphics Enhancement,Russia,Genesis Alpha One Deluxe Edition
2lfiyz3kqjyg8ircpw5vzlmq96fbejh9,Mr Reece Lewis,Quality of Life,United Kingdom,The Division 2 Standard Edition
62nk7hlcnptt3m5h0jhk0i7mtpforpok,Roger Armstrong,Graphics Enhancement,United Kingdom,A Monster's Expedition
ptr5naz4lls9kswkryfnnmpgg0q15fx5,Yang Do-yeon,Graphics Enhancement,South Korea,Poly Bridge 2
92s2e6lzkwe9cztartgbjbi9za57hwue,Jayson Mathurin,New Content,Netherlands,The Legend of Heroes: Trails of Cold Steel III
975finrbniuhrv8y7l5n7f9ltuozmvnk,Robert Mclaughlin,Translation,Australia,Red Dead Redemption 2
y9v3zsozacfaxr57ev1kgvxlobiclw2w,Yamaguchi Rin,Graphics Enhancement,Japan,Maneater
hx6zdcujq6fx7xjz6us7rp422ta83ru7,Édith Girard,Translation,France,Observer: System Redux
yehh7mc7ny6v9mcj1mk92xe9gufi389p,Tracy Jackson,Gameplay Overhaul,China,Werewolf: The Apocalypse – Earthblood
7kg8eo047c8n365znt6yc750w308cr74,Mr Derek Pearce,New Content,United Kingdom,Moonglow Bay
pn491jjrkiqheb4kzb95kmsnu42sr7jz,Joshua Wells,Graphics Enhancement,Australia,Kill It With Fire
xueez21p5bb46zmfehk3zypoovcs4f7n,Вишнякова Клавдия Тарасовна,New Content,Russia,Roguebook
37wmfpta7ls9b7ry0cgq4hpviu21ho3y,Bae Seo-jun,Translation,South Korea,Gamedec
5fvl5ntjl7p1yvfkxvqvaeutj0w6m0jt,April Davis,New Content,United States,Hypnospace Outlaw
bi6atqgkryt6ebin0byqyvbnuz2kga99,Hayashi Yuko,Gameplay Overhaul,Japan,Watch Dogs Standard Edition
72c6z5tpwy0tuzg2vg35xdku6jedad38,Carrie Lewis,Quality of Life,Australia,SpellForce 3: Soul Harvest
rfk2k0jj4ugg6so049rgacwaqaur58x9,Калинина Ангелина Ждановна,Bug Fix,Russia,Alan Wake’s American Nightmare
0wnt0k9875trjib739syied48cd5lxtn,Jang Dong-hyun,Graphics Enhancement,South Korea,STAR WARS Jedi: Fallen Order Standard Edition
gq7gxfxlx4uziiflnwrov6zj02k6t845,Yang Eun-ji,Gameplay Overhaul,South Korea,Hyper Light Drifter
w8ijfs14vywnpvzrmksj4lny4eiyppfp,James Smith,Quality of Life,United States,As Far As The Eye
nn5io7r6fwkbz8a06y5miha8zplcl4j7,Hans Jürgen Mentzel,Gameplay Overhaul,Germany,"3 out of 10, EP 3: Pivot Like A Champion"
qza9gl4b73lcy2xbvg42h5zxrq0wpbmw,René Thomas,New Content,France,Baldur's Gate II: Enhanced Edition
a2j2buzrakmxe8qbt0nug9fo8qg87ci6,Raymond Chapman,New Content,United States,Behind the Frame: The Finest Scenery
gfqnbia9ru3pc0oxihwm518zrmpgx44q,Kevin Stone,New Content,United States,Chicory: A Colorful Tale
48jpfzyoqjsnurdzfd5oqc5cqqa2zuvz,Kathy Sandoval,New Content,United States,ARK Modkit
20klzgwqwvjnbchuj6eoko7e0mj08760,Mitchell Morris,Graphics Enhancement,United Kingdom,Rebel Galaxy
l936p9i7sunt9qx3pborbkpj7x7t9zjj,Matthijs van Roijen,Quality of Life,Netherlands,War Mongrels
12xqfjo2l16ybovcb1yntpli69vinxrc,Thomas Walsh,Translation,United States,City of Brass
fdnu4i5ymqt3dgd8opocmvh0eqt8fhu9,John Mcintyre,New Content,United States,Humble
gkqraffz8q4vhu4bawz940vtkrrvwy3r,Lee Soo-jin,New Content,South Korea,ChromaGun
u0env5sn961j88qeoz0kz4z7whwkmy9x,Evelyn Galvan,Gameplay Overhaul,United States,Rainbow Six Siege Standard Edition
oolmow99w1r93c9cnaviqed87a40i8sv,Allana Andrade,Translation,Brazil,while True: learn()
waoa9vio4eg3kx0h9drayrhrrwskj3j7,Joshua Johnson,Gameplay Overhaul,United States,Mafia: Trilogy
3k9om115boiymyk86adnokku3s710nus,Sherri Williamson,New Content,United States,The Riftbreaker
jgb5or6m072hun8fitozabdjqvioc0ts,Hortense Lebon,New Content,France,Dandara: Trials of Fear Edition
hf2idzb4h16w1eqgmdvkok3nvufm8hct,Герасимова Ульяна Святославовна,Bug Fix,Russia,Costume Quest
3unhhlv69cv506nkv2ha3b15bp16lah9,Megan Salas,Quality of Life,United States,Tomb Raider GAME OF THE YEAR EDITION
7wr2liu7cm600x28pijkemvg7ueln0lv,Bernadette Lelièvre,Balance Adjustment,France,Saviors of Sapphire Wings & Strangers of Sword City Revisited
z552zbrd399q68rtig7zd9b7lnkzx8yx,Eileen Williams,Bug Fix,United Kingdom,Dangerous Driving
decksl5d00a1lutvflok7117vpzvimcd,Britta Gustafsson,Balance Adjustment,Sweden,Ghost Recon Future Solider: Ultimate Edition
qzfw3bweeec68rkk6tx2ikbe0qab7ur8,Diego Gonçalves,New Content,Brazil,SAMURAI SHODOWN NEOGEO COLLECTION
e1zijcigxaxxec7i394w1b2tw5u0oi1a,Thomas Williams,Quality of Life,Australia,Watch Dogs Standard Edition
em2bga7scpav7qa80ehapwpxs2lym9vu,Rémy Marchal,Quality of Life,France,Shadow of the Tomb Raider: Definitive Edition
2hloikivqa7izq2nmnr06djin9rg4xv3,Erkan Dobes-Fiebig,Quality of Life,Germany,Crying Suns
iznxxvi1rdp1f84c3z2ljaurc0swuzja,Michael Harris,Bug Fix,United States,AWAY: The Survival Series
1jmas41ru08l4pjagxlq0s5rmjpcza3s,pani Urszula Dzikiewicz,Graphics Enhancement,Poland,Little Big Workshop
dr2h2p39yl9ue421vmefoztp7bd4w1ar,Trevor Fisher,New Content,United States,The Signifier: Director's Cut
ujj31w0gq34pggcbi6qsrer6luu6if31,Laura Higgins,New Content,United States,Beasts of Maravilla Island
p34z652auvip0bqcnd5x598k2clyid8f,Augustin Pascal-Chrétien,New Content,France,Superbrothers: Sword & Sworcery EP
32instqcz1lk4ktcm2vss666cevpoui0,Vincenzo Döring,New Content,Germany,Iron Harvest
gxcd285q8cvrsvh4g2j53mxywrye7pdj,Felicitas Stey MBA.,New Content,Germany,Where Cards Fall
v6zvnsoj9uhgv9m58tgtuo2kj04y16nx,Lee Tae-hyung,Quality of Life,South Korea,The Signifier: Director's Cut
9gfvnd9y7u6ua2yy3hbtth9krqwb9slo,Yamada Hana,Quality of Life,Japan,Black Book
g1q7nm5c7k4rjnylimgpk3y8sf4fp4v8,Dr Damien Richardson,Quality of Life,United Kingdom,The Walking Dead: Season One
z9kveadct1zht4eif5s4jd1ayaqrs3m5,Sandy Baker,Sound Overhaul,United States,Flower
autjx6ewxqpf0qpsvy74zq50op7xmr8f,Григорьев Лука Валерианович,New Content,Russia,Overcooked
f6y5v9jrehmiqp56a2tyznm5saxyk2e5,Brianna Williams,New Content,United States,Mafia: Trilogy
eaf87clayppkym9vnr3lsdxjcighdvv6,Inoue Yuna,New Content,Japan,Watch Dogs 2 Standard Edition
ovu7pw35x3x10y14dsf2uwufuk15u248,Holly Valentine,Graphics Enhancement,United States,Might & Magic Heroes 3
rtc7i85h6yydcm3t19lf6hpkyhecfxw7,Sasaki Emi,New Content,Japan,Hob
hk94w6wuumo7opklj670ljc6wo7v1iz4,Sam Brizee,Sound Overhaul,Netherlands,iRacing - 3-month new membership
hgtqmor9eh7oljqzdcse094588ysvcza,Tadeusz Zadka,New Content,Poland,Dishonored - Definitive Edition
9vhg9p01zulgtdt2sgngyf4tpa50bg5m,Calogero Lippomano,Graphics Enhancement,Italy,Startup Panic
w53nahoh2p9ra94kfgp9rjozg4nyhqm0,Lynn Cantrell,New Content,United States,Aerial_Knight's Never Yield
w3qbp9mwgjwch13tyghekq8baozg6fuf,Yoshida Kenta,Quality of Life,Japan,Coffee Talk
w0nymrixptkd26a1adt63aotg4in18u0,Marc Pearce,Graphics Enhancement,United Kingdom,Kill It With Fire
83ep9p9w4j66cnoljq52wspofv177udk,Kerry Martin,Gameplay Overhaul,United Kingdom,Brave
hjuf4frodq4akm9ead0sriajw44qdznx,Shimizu Akira,New Content,Japan,The Wolf Among Us
w8rrlai7qem5qxaexf32xpmu6nngnjyj,Nakamura Yuta,Graphics Enhancement,Japan,Farming Simulator 22
pnc7m1vk0f96qifufi9jhrm9qw3htd8h,Gregory Barnes-Hammond,Gameplay Overhaul,United Kingdom,Train Sim World® 2
q3w6bdj7h7redy0vqxo2dwn717yw1bsd,Ísis Garcia,Quality of Life,Brazil,The Surge
m54xr8pjpf240shdkkg1r1cqkih548jr,Lorraine Fleury,Quality of Life,France,Detroit: Become Human
ksqnal6o9ep0o6h5l3xfulhzqh9q3vil,Панова Анжела Евгеньевна,New Content,Russia,Super Meat Boy Forever
jijqyj72ji396ftfyuluu08mnntp5w7y,Louise Smith-Welch,New Content,United Kingdom,Subnautica
ycxneam5cspm0os2c4xn98uncqs6519e,Dr Leslie French,Balance Adjustment,United Kingdom,Wolfenstein: The New Order
e112yjbsjgy8i7lg7sly8x66tqyupfi4,Danilo Warmer,New Content,Germany,Alluris
2k8xlwng9j4yx6t1c3f4sz23ku6od97e,Dustin Bell,Graphics Enhancement,United States,Mafia: Trilogy
ugsrd75m55z0fgcywf0b0afxk89gytxt,Karen Shaw,New Content,Australia,Pascal's Wager: Definitive Edition
csoaazdjbh79ihnb2zf1yhc41o5ogi4m,Ashleigh Wood-Reeves,New Content,United Kingdom,The Walking Dead : The Definitive Series
q2ds3edu2el88yfkruyhcbjkhcd79uda,Kato Kenji,Quality of Life,Japan,Ironcast
6twnvjqjinh1k504k34euz9qj4vbisbh,Barbara Hester,New Content,United States,FUSER™
f15nkjlg3oxf93gl8t66108po1va4s38,Mehdi Kabus B.Eng.,Quality of Life,Germany,Atomicrops
zs5dupx06lbrhlvo2y93fm348ni747x2,Семенов Ефрем Васильевич,Gameplay Overhaul,Russia,F.I.S.T.: Forged In Shadow Torch
a1sfnb6sp0y3rora8k2h90u3rfiwcr6y,Zacharie Lecoq,Quality of Life,France,Far Cry 6 Standard Edition
0ah9qjww8qvivzo8wd3okanip3m7zum7,Ross Jones-Barlow,Graphics Enhancement,United Kingdom,Fisti-Fluffs
lrswp0ykkswnwzf8y7p62zko0e49z7k8,Park Soo-jin,Translation,South Korea,The Eternal Cylinder
z2dlf7gr71yuzryd1pv9faa4qp7s2xuv,Maria Diaz DVM,Quality of Life,Australia,Kingdoms of Amalur: Re-Reckoning
fgho4qhcg7fd143xrv8df2f5nk4otbgd,Агата Тимуровна Гущина,Translation,Russia,This Is The Police
t1alhh5sjfnl86o1bxmtbz6um51tl35b,Ágatha da Conceição,New Content,Brazil,Transistor
7j35vlwojtxcf0kjd2v1l1vj35yrg29d,Nout Otto,Sound Overhaul,Netherlands,Assassin's Creed® III: Remastered
uon8rjn4lv11kjalw563c36vfh3mi2dn,Ronald Horton,Graphics Enhancement,United States,FAR CRY 4
l94wozrzuwqffp5ny1li8are104rp59q,Титова Светлана Викторовна,Graphics Enhancement,Russia,Scarlet Hood and the Wicked Wood
0uprb2ja2lpn1m6u2llh22be4n2524gp,Ninthe van Este,Gameplay Overhaul,Netherlands,WRC 9 FIA World Rally Championship
yl36q556rglcsma48s15jd466y42oczu,Borys Bakiera,New Content,Poland,A Monster's Expedition
9nvyyapkom0uq1ilnxysdrd4xcrpdewk,Rosemary Jordan,Sound Overhaul,United Kingdom,Kill It With Fire
f5y0qtos7nnxxymxu16bn45u0f4slhqb,Derek Rivera,New Content,United States,OUTRIDERS
uv41amisu1o67u61o85vo1tk5ezs96kw,Bobby Scott,Quality of Life,China,Subnautica
dwc279igffen1677snpfc5a23jk3ol8z,Kang Ji-woo,New Content,South Korea,Sundered: Eldritch Edition
itdnujeorevbgg5nf2q0cz2uawlfb6ed,Karol Merchel,Graphics Enhancement,Poland,WRC 10 FIA World Rally Championship
32rv23u65xnufa4afm3mhpdpu943fwjb,Sierra Vasquez MD,Graphics Enhancement,United States,SAMURAI SHODOWN
qrerika7lxx08dw54i3o6gil6dtxljk8,Emily Rodriguez,Gameplay Overhaul,United States,Monster Jam Steel Titans 2
kqgbekmfucvj3fr6q95iej2it97blsvy,Kim Ji-hoon,Gameplay Overhaul,South Korea,Beasts of Maravilla Island
azqg91z4pe05sa9c2ltwi0hc39erm9jv,Matteo Steckel MBA.,Gameplay Overhaul,Germany,Assassin's Creed Rogue Standard Edition
svc1u5w2k2ub5zr8346aw0ewayaj5nd3,Lawrence Wilkinson,Bug Fix,United States,Merchant of the Skies
qr3ev1rdnf4x13qinf2p091pqfmpah3q,Dominik Wnuczek,Bug Fix,Poland,Good Company
7bwhzmjbg3k59s7v55kcrx6sfjqd9c7t,Elaine Marsh,New Content,United Kingdom,Icewind Dale: Enhanced Edition
tp5ch3svg7ss63umgthktgyleyo3hli3,Robert Morgan,Bug Fix,United States,Old World
eiaq3j9x2hk5gyimq5glhc0dj96irx3n,Anna Stephens,Quality of Life,United States,STAR WARS Jedi: Fallen Order Standard Edition
dppeq1zjgdgk8dzvr9d02u7jhqdxvniu,Kim Soo-jin,Graphics Enhancement,South Korea,SMITE
rm31sl7zx4de7nqwhocpy8udqddaqjrt,Anthony Howard,Quality of Life,United States,Totally Reliable Delivery Service Standard Edition
05an7pt0itj19xcq7tazv8ophpggtf1n,Christopher Hansen,Graphics Enhancement,United States,FORECLOSED
w8sjbccd4eoxiri47c9ugz40zvqlqp66,Russell Elliott,New Content,United States,Breathedge
opjqbtk0td0dof83gaedmlav3w9o01e4,Eva Nilsson,New Content,Sweden,Mortal Shell
7whndru4le563s9l673junbkx0xd0aj3,Claire du Imbert,New Content,France,Paladins
zjaucyhonbpqga6x85zzhjy8gy39bu4u,Paul Thompson,Translation,United States,Whispers of a Machine
i9a44yzlxoecm785zd7scrv3honix7kg,Trude Aumann MBA.,Graphics Enhancement,Germany,Dauntless
btt9paf667ztt7f1up4phfaxi1s9npax,Véronique Masse,Gameplay Overhaul,France,Mundaun
jdxo100vhmygty3addqhkgad7x48wze4,Jung Seung-min,Translation,South Korea,WRC 8 FIA World Rally Championship
sigmm1o5cmkqgaxkktyp3cshxmjikqnj,Rodney Wagner,Sound Overhaul,United States,Fisti-Fluffs
o1en1s2ofhbawyqmogbjzeyqqcxzpqkf,Brian Walker,Quality of Life,China,My Time At Portia
sv82crg7a1z6oftg1lmslgeljyfcjsk9,Erika Dennis,Translation,United States,Pikuniku
ep4lsvshvofbwkxs1n4i6t6iogbif3lr,Бобылев Марк Антонович,New Content,Russia,Disaster Report 4: Summer Memories
mbvucwqlb2wcy445azd30m4efs17cso2,Rosemary Brown-Stephenson,Graphics Enhancement,United Kingdom,Lifeslide
xallssfk7qirjqr0u09xox3mslzarfgx,Henri Gomez de Girard,Quality of Life,France,Wheels of Aurelia
zc8mbqtuv2rt46jcth7jhc5sy4v8cqdl,Emmanuel de Jacob,Gameplay Overhaul,France,Sid Meier’s Civilization® VI
fdz0eh4uj70gyvdpt6pkscu6mxscuhwa,Marc Jones,Quality of Life,United Kingdom,Oxenfree
wgyf3bl99lwg4di2kv00i3kyjcmf4j10,Кудрявцева Нинель Эльдаровна,New Content,Russia,War Mongrels
71ac27x1cenagq39xlp0bn85p3ebq3vy,Kim Min-ho,Quality of Life,South Korea,Into the Breach
4mbjld2aononsuuxhxxd9wifnrgdto83,Luis Perry,Bug Fix,United States,Rogue Legacy 2
25esai4iv62puv0t0a50ltte7w4asfc7,Ms Lynne Jennings,Gameplay Overhaul,United Kingdom,Nuclear Throne
oayopxophu0rt7nz5z6uvzu078w3r6u9,Paulette Benard,Bug Fix,France,Roguebook
im0tqwme50zmhpvss6ty44z4aq3b9wph,Georgina Hunt-Lee,Gameplay Overhaul,United Kingdom,The Walking Dead: A New Frontier
70bthesqz76ljvhjfk6olgjjgawa0i98,Ruben Hudson,New Content,United States,Zorya: The Celestial Sisters
4nel8svox6so2d0cfiz17ybex3y5ix6t,Павлова Фёкла Даниловна,Quality of Life,Russia,Road 96
3wljh7nbvjih4f1xnvb2158u514dymwp,Dr Catherine Humphries,New Content,United Kingdom,KINGDOM HEARTS HD 2.8 Final Chapter Prologue
f2gqn8j0we511kpkwxg0zfdknl48k6h9,Clinton Coleman,New Content,Australia,Observation
bgb2q40wedmhitcumm7pfeenctk0bo6n,Carol Wood,Gameplay Overhaul,United States,Hyper Light Drifter
nwin5xfsh0k732no6dtb9o4ml15dzvlc,Paulo Novaes,New Content,Brazil,The World Next Door
uya687efyqxxf3ys9vrcgypcmc4e1sda,Richard Jackson,New Content,United States,Far Cry 2: Standard Edition
2d792hecozh4g405my1j74ikfm35vj8q,Ellie Hobbs,New Content,United Kingdom,Going Under
efapwsnbzqyqdn6n9gyrlo9w04q2wz90,Dr Raymond Wright,Sound Overhaul,United Kingdom,Wheels of Aurelia
zbomvibzyfggk82p5yro1wodgzdn9s8t,Inoue Yuna,Graphics Enhancement,Japan,Amnesia: The Dark Descent
15xd82ijkuv2vxo3peoj3m48ngc4xaic,Lorraine De Sousa,New Content,France,Shenmue III - Standard Edition
mrt7jhdszw1ye8una9wk4mk3fnxtiwfk,Kaja Jasnoch,Gameplay Overhaul,Poland,Ashwalkers
tjxfq8y7fhwjwxzuxsf3l2n8ijtyold6,Ana Júlia Correia,Quality of Life,Brazil,Train Sim World® 2
jgb36h2bqgfqw856u0rktoc19yq5qhs5,Célina de Mallet,New Content,France,Far Cry New Dawn Standard Edition
3bqg3e3aeivzpyku5rhidi5cm15btayr,Livia Michiels,New Content,Netherlands,Journey to the Savage Planet
x1nzfnwslo57pm2kskgbmje9hh5gy1qx,Susan Labbé,Gameplay Overhaul,France,Farming Simulator 19
p47lz0o158j8h19yx6yinw4uf3s9m8yi,Stewart Thomas,Sound Overhaul,United Kingdom,Assassin's Creed Syndicate Standard Edition
iw375zuidvjps1f3x0r0mwd3p8zpfr2y,Cindy Williams,Sound Overhaul,United States,Shadowrun Hong Kong - Extended Edition
93aopvbw2p5jg6v39hmcr32pir2yjkd9,Marco Johns,Sound Overhaul,United States,Mechwarrior 5 Modding Toolkit
cbztff6vzcr9rv3b2aya4y0w71p2qxyo,Lidia Rakus,Bug Fix,Poland,Whispers of a Machine
1knckonrhhkycq2ygynkiv90h7jajltu,Tina Sanders,Gameplay Overhaul,United States,The Colonists
2vqymhp9nymsorqetjdh231wcgv6lrlw,Brett Evans,Quality of Life,United Kingdom,Warface
r8ruw2xh6qihpnf4jd1ksibsmqpnrjap,Kobayashi Yuna,Gameplay Overhaul,Japan,Mundaun
tpomqh0ceci1zsmh12gk0h2k1l2kszip,Susan Aguirre,New Content,United States,SpongeBob SquarePants: Battle for Bikini Bottom - Rehydrated
jqhn49mayq8f4tf5gyte3h4o8fujppzh,Esther Vandenbergh,Quality of Life,Netherlands,Mutazione
9bp12uj3a3tsazk8zy7eskzadbs9cwqq,Dr. Jonathan Price,Graphics Enhancement,United States,Undying
8k179yixmhvj4umsg9sx3koiexs3lc37,Melissa Gumprich,New Content,Germany,Conan Exiles Modkit
lccm4s459jj9gzkvbn9jne7sh6s0ok0y,Devin Young,New Content,United States,STAR WARS Jedi: Fallen Order Standard Edition
wbarqisqr44jsms4nqk612juns8wgbj4,Лапин Фотий Тимурович,Bug Fix,Russia,ATLAS Mod Kit
lm4fm2oggv9f9pwbxd9jifz7uys9w24x,Dr Roger Moore,New Content,United Kingdom,John Wick Hex
en7yjf30kh5840acuhgpjnvwrxgkikr2,Sra. Bruna Martins,Gameplay Overhaul,Brazil,Faeria
jcolt2n6slkrrmie2kqkng9lo7i8p35a,Gabriel Fernandes,Graphics Enhancement,Brazil,Desperados III
7xir2g42b7mye1zc7bvvg5s93s8dydgl,Евфросиния Игоревна Зайцева,New Content,Russia,Big Pharma
y9t4xy8a29rjj5lm9yuhzbl161y2d6un,Matthew Baker,Quality of Life,United States,Overcooked! 2
mjqy3odsx4nxvkdc9x5jz6kf1622vxyz,Mandy Green,New Content,United States,The Fall Part 2: Unbound
w0dzrc2g7p3x6a3e2wmiamgcdjhr34k4,Théophile Coste-Gomez,Quality of Life,France,"3 out of 10, EP 4: Thank You For Being An Asset"
7nw03vm1u0mruczg3ri0yaru5cp3skyk,Dorit Wirth-Schacht,Quality of Life,Germany,The Stanley Parable
nu31eiwucx67xkwq0ywm9q7ftmfwg895,Sabrina Austin,Quality of Life,United States,A Juggler's Tale
sq5d6dcyz4usvv7ixlljo7wn360bgpoq,Robert Jennings,Quality of Life,United States,"Warhammer 40,000: Gladius - Relics of War"
b8y5dnwnguczh9ier7u8h0imjyjcmrse,Michael Elliott,Gameplay Overhaul,United States,Warframe
lc32rbs43hsobddi4hzve1zu43xqkpki,Kevin Shannon,Graphics Enhancement,Australia,Figment
dlfhr43e7jjhnbt3v23buoa075oksnsk,Clara Rezende,Quality of Life,Brazil,Lumberjack's Dynasty
sjw7tbddcmoq5plwqnv53iw5lv0krvc9,Nicole Richards,Sound Overhaul,United States,Tom Clancy's Rainbow Six® Extraction United Bundle
69620zx79v37prddtbxt6yeyxiy47hgm,Gregory Holmes PhD,Bug Fix,Australia,FOCUS INDIES BUNDLE: Curse of the Dead Gods + Shady Part of Me + Aeon Must Die!
qplbne9ebhnqqa4p29xb4o6pjhnd3j5h,Наркис Харлампьевич Мамонтов,New Content,Russia,Fortnite
yd1rk1aw77oxtkr79u2c3wuznqt7u4dw,Mercedes Löchel-Wähner,Quality of Life,Germany,Kena: Bridge of Spirits
xm0632cwt04chsdingxu8uu01uyzpd2t,Inoue Sota,New Content,Japan,Enter the Gungeon
3ezemqt788g35sfy1h0s2utbtty9gfyw,Paloma Modiano,New Content,Italy,A Knights Quest
ulx2efwr21w7uwquyz3301yt5290s2mi,Christian Watson,Graphics Enhancement,United States,Alan Wake
fhd82p5ejrsbblbadkel21aa6y87qs7j,Luke Becker,Graphics Enhancement,United States,Black Skylands
oar4g58o9qjp0xsm9gm51qd41j2patd9,Cameron Weber,Translation,China,Black Widow: Recharged
n1h42el0ihnuxg5s07wvrzly4z6kllzv,Michelle Brooks,Translation,China,Train Sim World® 2
jj6jai71ywd8wl2ikbutzidiao0jpce3,Jelte van Rijthoven,Graphics Enhancement,Netherlands,OCTOPATH TRAVELER™
z7nuxf1x889u9w0te52vxslhu6l29il9,Myriam Eigenwillig,New Content,Germany,Assassin's Creed II Standard Edition
ofdugtwu5syqdcw4tlypb9a30jiawb9f,Cynthia Hamilton,Bug Fix,United States,The Alto Collection
fedznz9c65fpyst5v0175du23jh0zagr,Laura Green-Hunt,New Content,United Kingdom,Recompile
z00v3sfavyqlg0k1irbsss7kn18b850p,Katerina Otto,New Content,Germany,Trackmania
ccxwi2thbn2x32vv8mqq8n8077xavler,Hélène Lemoine,Gameplay Overhaul,France,Scrapnaut
8j24tjmjiq34xgohmqsc7m3vodzlpny7,Srta. Cecília Siqueira,Quality of Life,Brazil,Jackbox Party Pack 3
2g1kvr6ax8kxxj0lebn52kocwdemm0ue,Laura Newton,Balance Adjustment,United Kingdom,Hue
je50qyrzlz72j8dy0u7033zujciuhd1o,Marcelo Campos,New Content,Brazil,Into the Breach
05vm4t6bdsj9gnjrb6g7mihunib5ejku,Frances Norman-Potter,Gameplay Overhaul,United Kingdom,Aeterna Noctis
t63j3r30me8f840982n2atqyyv37dia5,Pénélope-Noémi Étienne,New Content,France,Horror Story: Hallowseed
bycts1ttg57a4mg5svsa4uu3wv1so2ya,Anthony Bauer,Bug Fix,Australia,Neurodeck
hbffnilctrr7kuuetn1aus960vgavk01,Самойлова Анжела Натановна,Gameplay Overhaul,Russia,Frostpunk
rybhaw7encelrtfoe5eato45mptbgz7d,Michael Tucker,Graphics Enhancement,Australia,Dying Light 2 Stay Human
f0j3okeksk2vpajspj00vmpqyw5ixtwg,Matsumoto Kaito,Quality of Life,Japan,GNOG
ymql4xwoh6glaf48qszrx0zeor8kshk4,Heike Schacht,Graphics Enhancement,Germany,Pillars of Eternity - Definitive Edition
qb8vyciz6pjaizqpsrvhvc6t8jnrjs55,Tyler Montgomery,Bug Fix,United States,Airborne Kingdom
wdth79gov1ona6zzqauua8kscqcdwna2,John Freeman,Translation,United States,Stories Untold
u2f7bueyp5vmbbs4wd9eboubij859o3q,Inoue Takashi,Gameplay Overhaul,Japan,Rebel Galaxy Outlaw
lys86y05b967ew1z6r222h1d2ow25avp,Rodney Newton MD,Gameplay Overhaul,United States,Windbound
4mrfneda9pkvr5pege3opm3xp40dygnn,Jeffrey Crawford,Graphics Enhancement,United States,Anodyne 2: Return To Dust
c3j7gko9fcfv0qxklr50yei7c9cun725,Lee Seo-jun,Sound Overhaul,South Korea,Super Squad
cm3dvjcf9tpqmk6831hi1fusdsmduuvy,Leigh Butler-Pearson,Graphics Enhancement,United Kingdom,Chorus
u1fnr59ryik1n8rgkirxc9t3j157ofcg,Leonardo Siqueira,Graphics Enhancement,Brazil,Desperados III
rlj5f8kfmtwjubi0essxz0302jxsgiw4,Randy Barr,Balance Adjustment,China,Warshmallows
qriqye1sofpvoeo37phanhdt4rk9ffy7,Jean Texier,Quality of Life,France,Hand of Fate 2
1l6ke3hrbhqw8e0bn24n3jhyax808h0o,Ian Frazier,Bug Fix,United States,Aztez
gsg6a8mlik22xmq66442sihxodlctt05,Christophe Gimenez,Sound Overhaul,France,Among the Sleep - Enhanced Edition
skbcbdpdxujjcsexggoc5kvqywj85gg0,Marie Lamy,New Content,France,Freedom Fighters
enq7i65o5ib96chbqing9egherpe5o86,Louise Karlsson,Bug Fix,Sweden,Breathedge
2qjed48q5h2in2bu4wa2gbzuo7mtcoyj,Derek Martin,New Content,United Kingdom,Dead Age 2
q04qpqrw6t77viz75uerjvv88d0h6r7q,Joshua Fields,Gameplay Overhaul,United States,ARK Modkit
7hcjtaqvo6ibrge8p4fc06hgflvtqqqt,Paola Schäfer-Hahn,Graphics Enhancement,Germany,Dream Engines: Nomad Cities
cp41yb606rp26gfqtg7hzlqeiro08xgy,Gregory Oconnor,Graphics Enhancement,Australia,Assassin's Creed II Standard Edition
9by6mo8h0287zm4jd8p32wl6noq170jw,Jacob Obrien,New Content,United States,Doctor Who: The Lonely Assassins
jnsovj625woe9wnqxar3jdx59ba0t9fp,Гущин Бронислав Еремеевич,New Content,Russia,Breakout: Recharged
uuw05802xvxitifxziu6hulprx05h3k7,Lola van der Leek-Beijring,Quality of Life,Netherlands,Crystal Crisis
d553qbklm6wg6a1at2eyf8aygraw0twp,Han Do-yeon,Quality of Life,South Korea,LEGO® Batman™ 3: Beyond Gotham
01hlot6hvgnzemq1odx7qn1xoq4nyzqv,Milena Montanari,Quality of Life,Italy,Grand Theft Auto V: Premium Edition
7y2itl8n3e54n6o9jd3ih66w51ob537q,Gabrielle Snyder,Gameplay Overhaul,United States,The Wolf Among Us
smrwgebevsxmvtfqvk8sxfi3ubm9xhcg,Dr Eric Walker,Graphics Enhancement,United Kingdom,Redout: Solar Challenge Edition
ucj7nl8j31wvhqueu1oqy4akl7xzvzyy,Bertrand Chauveau,Sound Overhaul,France,UnMetal
sp8jb6l4pesrss0np99wihxbx5ev5925,Gülay Holt,New Content,Germany,Ooblets
7s3hmo1dxq46ga2sdfc8io3td3abeg1c,Arvid Petersson,Graphics Enhancement,Sweden,State of Decay 2: Juggernaut Edition
y4mljzfudi4sp7qfq9n04fdtzj2l72v0,Jennifer Simpson DVM,Sound Overhaul,United States,Drone Racing League®
9xavb720njaaayjzevbdsibgwnze9ghr,Ms Chelsea Young,Graphics Enhancement,United Kingdom,SuperMash
oo5vyfrrloa8o34lpqk5fp7ah2csanha,Antônio Gonçalves,New Content,Brazil,iRacing - 3-month new membership
pbniswaljbovvi25bzt0u1m8o5q76eqc,Larry Murphy,Graphics Enhancement,China,Vigil: The Longest Night
70j98fbi8nbb2gfwvworlewuhdr9vbsk,Senn van der Plas,Quality of Life,Netherlands,Assassin's Creed II Standard Edition
oxxuye1jk6zij9blc72k2vvoofiihefo,Kevin Gibson,New Content,Australia,Vigil: The Longest Night
y01mut84u4bmthv9b4h8r60t3i6kdpr2,Bethan Tucker,Gameplay Overhaul,United Kingdom,The Walking Dead: Michonne - A Telltale Miniseries
q1ddpusddtv25ao20u9isygjjfgjk2n7,Bae Tae-hyung,Graphics Enhancement,South Korea,Metro 2033 Redux
g85s9asj21gtchygtmov6ki4epxr9ogj,Watanabe Kenta,Quality of Life,Japan,KINGDOM HEARTS HD 1.5+2.5 ReMIX
fct6e37td542v8ihpyxke2zyekh0e6do,Tiffany Johnson,Gameplay Overhaul,United States,No Longer Home
30e3o7uin9l775s9y8cfdt7u5oglijc5,Lutz Jäkel B.Eng.,Gameplay Overhaul,Germany,A Good Snowman is Hard to Build
9nc210dxoahhszslb7jl6lxcuoijaopp,Bae Min-ho,Balance Adjustment,South Korea,Curse of the Dead Gods
6m9hkhjg4ihgjd3ex5mhqnngs2wpze5e,Lisa Singh,Quality of Life,United States,Bad North
7xo485d4vueer90mwb4ll3k4bk8ejnfm,David Kim,Balance Adjustment,United States,Control
gs2q0oklglq8n5w3xopw7a1gqe1ie7x9,Inoue Yui,Graphics Enhancement,Japan,World War Z Aftermath
qyxwl9615payj30amxe2nfzkxy2ya9mu,Sandra Wood,New Content,United Kingdom,SOMA
v0i8gpw3o4dp632f93ntcunbdzcf5akd,Ito Takashi,Translation,Japan,Destroy All Humans!
loohvue3u1f5r3zjflnoue6uleahguaa,William Sanchez,Graphics Enhancement,China,KINGDOM HEARTS III + Re Mind (DLC)
torp59yeq96sjqa0px99dbk4epbo0171,Jeremy Barnes,Gameplay Overhaul,United States,Thimbleweed Park
oh59g5hg5ughnbjn2e6xljkfcqjukurk,Bruna das Neves,Quality of Life,Brazil,ZEN Triple RPG Bundle
asywdrkupcj8mo765efuxq9njc2gouif,Arkadiusz Nazar,Bug Fix,Poland,Blade Strangers
77iqfxew8afgq3cz29lj2twc5kqqljwq,Timothy Hardy,Graphics Enhancement,United States,Anodyne 2: Return To Dust
uihtmme870p2waghpayiw1ts9vnruruo,Hayashi Naoki,Quality of Life,Japan,Oddworld: Soulstorm Enhanced Edition
dep9mnrn8wnut6jd1myu4zvx7lofolan,Miss Fiona Smith,Graphics Enhancement,United Kingdom,The Stanley Parable
dl918slomeyl6ss1a2r5bfycw8ihyfz9,Dr Julian Begum,Quality of Life,United Kingdom,Shadow Man Remastered
bw4se9dn1nzih5kcaehkkldixs5b4m6e,Kimberly Smith,Balance Adjustment,United States,Neurodeck
z2z0kdn3tn60tlxoun91fy6yo8dje7xq,Katharine Tlustek-Hein,New Content,Germany,The Longest Road on Earth
z3nd73lp62tmlp0rbnx14t8tshcujlc1,Елизавета Валентиновна Петухова,Bug Fix,Russia,INDUSTRIA
6m5l1mo872bto3m4rfu3vf2ki70gtwgd,Nelli Klingelhöfer,New Content,Germany,Through the Darkest of Times
ke87aj790nlu6h2fow2nu7jiqwb7yghb,Сильвестр Давидович Хохлов,Bug Fix,Russia,Insurgency: Sandstorm
9f6g8v3gy0ynoyape7om7odm6int2tc8,Susann Süßebier B.A.,Quality of Life,Germany,Inertial Drift
9qaz6fp9xaqs3tgdbfxa2wd7772iy1uv,Zacharie Barthelemy,Quality of Life,France,Sakuna: Of Rice and Ruin
55fdlf2eo48t3670chcdnh2e0q1qmjcj,Wouter Martens,New Content,Netherlands,Sockventure
216yrxm6ioxrhoketz5xfgz73jzod8k3,Святополк Марсович Лыткин,New Content,Russia,As Far As The Eye
imd0rx3lhxoau51ow0o2nxvg17tg5sft,Евпраксия Эдуардовна Некрасова,Quality of Life,Russia,Shadowrun Hong Kong - Extended Edition
76pk90jez4uigkplrggbi28shqengj9u,Lisa Martinez,Graphics Enhancement,United States,Super Squad
ejm03tquvbl2vgpmu5179rfqpvw7znci,Glenn Miah,Graphics Enhancement,United Kingdom,FINAL FANTASY VII REMAKE INTERGRADE
wz2nar3shlx0st69wwp82qztt1blow2r,Ingegärd Olsson,Bug Fix,Sweden,The Forgotten City
eickydviteqik3vmolpg2n2pjuv5p6ni,Mrs Marilyn Lyons,Bug Fix,United Kingdom,Port Royale 4
9cw2lmegs7ukaqlgxudzm5ns302c74n0,Megan Decker,Gameplay Overhaul,Australia,The Bridge
3lfy5u0i1bv7gsf6k9kohd5mhbcig3kq,Song Ji-woo,New Content,South Korea,Crysis Remastered
wug166s78kb2c1mh1nbzoyw7yhrjrrid,Dominique Nguyen,Quality of Life,United States,TOEM
fn7uyi005im2ctyfkkpd4b86zu042dwz,Dr Graeme Gardner,Graphics Enhancement,United Kingdom,Darkest Dungeon®
sbuh0svhhbxcsxcxu9p7f43suo70wtjh,Gerard Owen,Gameplay Overhaul,United Kingdom,The Flower Collectors
u8el5015oop767j2dg1wjuiiymyrsvzn,Dra. Mariane Novaes,Gameplay Overhaul,Brazil,Port Royale 4
b24q7en8adnkwb3wwtqln9hj67tm0zxo,Diane Adams,New Content,United Kingdom,Crysis 2 Remastered
8wegflkqiw9vz95vgywvztu8s5q2wmx8,Соловьев Панкратий Харлампьевич,Bug Fix,Russia,The Sojourn
qyqpx17nqgfxrk1mpla10ib26pzezw54,Melissa Thompson,Translation,United States,Mafia: Trilogy
keqvi0oyeic0oqf8rm9iilaof4ogjcj5,Takahashi Rin,Gameplay Overhaul,Japan,Battlefield™ 2042
afdegviga7k5dvxq0rkyiqhzqldh0squ,Guiseppe Mosemann,Balance Adjustment,Germany,Horror Story: Hallowseed
2y7ri0f646r9pibw1ja8h1jfikj1drlj,Mr Neil Harris,Gameplay Overhaul,United Kingdom,Surviving the Aftermath
1c2g0rf1lfcop4h6urpqzvyuiu3xmvqd,Robert Mclean,New Content,United States,UnMetal
dt8gs2vjl3bx7kigfvm3kfzkhvg9sxda,Morris Massa,New Content,Netherlands,Borderlands: The Handsome Collection
2vfw17vupasaqhfbat1t4x6cyjqe5anu,pan Gustaw Morys,Graphics Enhancement,Poland,Insurgency: Sandstorm
kntbz3m55izolnntxrgn74f9yecazrp9,Kim Nilsson,Quality of Life,Sweden,Big Pharma
c954ai2278eqe12qeykc2mng806w819f,Kato Yuko,New Content,Japan,Stonefly
l94pef10ljrnicd0sqpzygwezuv263fl,Casey Parker,Gameplay Overhaul,Australia,Dead by Daylight
74ccfh9apun9woqih029nlklog2arxxl,Lisa Thompson,Quality of Life,United States,Layers of Fear 2
ue07blw9mahe441ey0bd4aqbi4fo7pwp,Erna Austermühle MBA.,Quality of Life,Germany,Black Book
di99maziywj1czqlr1m86o2gsx9oa2eo,Elizabeth Mendez,New Content,Australia,Itch.io
t51lc8a4oc1cqb7u2mrix5vcmgjvc2sm,Heidi Stark,New Content,Australia,Star Trek Online
bi1cao8w81ayuam75psz1ctw689mw68m,Carolina Iacobucci,Quality of Life,Italy,Outward
jo59vryr260q1g1npxi9bf1n97nfnt06,Людмила Сергеевна Петухова,Gameplay Overhaul,Russia,The Walking Dead: A New Frontier
g8p6befflzm764jwtektsg7fxzv4u3bb,Hayashi Haruto,Graphics Enhancement,Japan,SUPERHOT
9967i6yuj7yktxg4ahf337kuu4ytn02y,Corey Herrera,Balance Adjustment,United States,Atomicrops
yu9r1domsxjzho89cb7h5ahrkg338bt1,Tymon Chowaniak,New Content,Poland,while True: learn()
l948u3lq28qaqx9v3ed46kihokm948iy,Дроздов Гедеон Антонович,Gameplay Overhaul,Russia,Aground
dz03ypoe6517jhx30bu3pr3uhgfai4mw,Mikołaj Gołoś,Gameplay Overhaul,Poland,SUPERHOT
4z7w2sehe2atn2twdl9zs13c9xqym52x,Joshua Stewart,Quality of Life,United Kingdom,Batman Arkham Knight
ao4mlvw8botov50zfggjaoyu534q40i1,Vitor Gabriel Costa,Gameplay Overhaul,Brazil,Horace
ixbctp4jyeu3qahkb4j0thm4kt6owczp,Hwang Ji-min,Quality of Life,South Korea,Aerial_Knight's Never Yield
kkaf9yft4gc5icnic4dtznnveje1yona,Patrick Dufour,Gameplay Overhaul,France,KID A MNESIA EXHIBITION
2uucmdw0c57tc13h4uxnx1xh4cwuxifj,Danielle Wong,New Content,China,Star Trek Online
pfdrwb2serev361xsnbti22nv01zderi,Kenneth Scott,Gameplay Overhaul,United States,The Spectrum Retreat
o5a439gf5lxk2g5eol0ta8rd05n9hczd,Sig.ra Giovanna Castelli,New Content,Italy,The Uncertain: Last Quiet Day
n7d1h435uk6kje4iwuy69kp86v60ak43,Shannon Cooper,Bug Fix,United States,Crysis Remastered
y7rnjdwg2lkc2mwew3l2m09387ia8egq,Hong Jun-ho,Graphics Enhancement,South Korea,Tiny Tina's Assault on Dragon Keep: A Wonderlands One-shot Adventure
fcncauzfjaljze4k2v4zppz99fmk3pbe,Samira Kostolzin-Hartmann,Gameplay Overhaul,Germany,Realpolitiks II
a8xaejgnzfzunq2w9zl5y31k88no1rbn,Angela Bruce,New Content,United States,Ticket to Ride
ttqlgzui1b0z3nx39rbsv55psq0oxfq8,Sr. Theo Gonçalves,Gameplay Overhaul,Brazil,WRC 10 FIA World Rally Championship
d2c2fw5fqioooyauwoy3lnce01lus9xs,Park Joo-won,Balance Adjustment,South Korea,SUPERHOT
gm02cgsbo3qss7hisl5fj65ymcin1ula,Wayne Ramirez,New Content,United States,The Tenants
owzgvn54odjjsmjao3ncy9ukuwvzfgvc,Jenna McCarthy,Bug Fix,United Kingdom,SuperMash
ikanu2gtbiddvyyqm49vbjxj2yxcgl28,Mrs. Ann Smith,Quality of Life,United States,HITMAN - Game of the Year Edition
3sz50aist7mnoeddoqso9oc7zofqzl33,Maya Vasconcelos,Sound Overhaul,Brazil,The Walking Dead: Final Season
r3d71eezuh9wl4b731660u20e26psrc4,Valentim Marques,Graphics Enhancement,Brazil,Wargame: Red Dragon
f4wnsmw5gyrw6owh8vlig7r2fmfp5md3,David Martinez,Gameplay Overhaul,United States,LEGO® Batman™ 3: Beyond Gotham
dq851zfszf72334nlx4fr3txjc7iu26r,Kathleen Dixon,Gameplay Overhaul,Australia,Voidtrain
h9wl861p0y4y27tjv1ncuio9t2s38yr1,Julien Gimenez,Graphics Enhancement,France,Assassin’s Creed® Valhalla + Immortals Fenyx Rising™ Bundle
4x264jslqm4l9gfj1pinixwkp748ffoy,Brian Ward,Graphics Enhancement,United States,Yaga
uq2086okwoalf4v1txh376zugfldt8be,Therese Andersson,New Content,Sweden,Wolfstride
e3x3hxzmfu2g6559qy8b5g9megtizn1t,Kerstin Persson,New Content,Sweden,Absolute Drift
pkuq5w8kd5pm705v2prno841f6im0c3v,Andrea Davis,Gameplay Overhaul,Australia,The End is Nigh
cl0fcuky4fy8q5skzmjxwe38xu4fx6gx,George Hardy,Graphics Enhancement,United States,The Fall Part 2: Unbound
8m90gnvygiav590mzenk5z3gm5cdiohm,Adam Jimenez,Graphics Enhancement,United States,Haven
rd76f83e822l8uzln25dx2jas0s3axjf,Francis Richards-Webster,New Content,United Kingdom,Cartel Tycoon
2j3t4h8qfdtn0plcfr7cl6p3frb7ei5r,Renata Höfig,New Content,Germany,Operencia: The Stolen Sun
489g19tqgchgrg2ktaajhko73r024srr,Bernadette Alexandre,Quality of Life,France,SuchArt: Genius Artist Simulator
klva2uhtjpk4w0kq8sjqontqx45joqyn,Lars Nordin,New Content,Sweden,Breakout: Recharged
gvye4p4vpc985j8sfj2zexbtaalb30w8,Mohammad Davis,New Content,United Kingdom,Yaga
lyk0yzkawzfsi3b79p7d7uwe773t93x4,Olivia Sá,Translation,Brazil,Ranch Simulator
4vge0gyajpgz6tpbwsxxdypvbnhi6hab,Twan Rouwenhorst,Gameplay Overhaul,Netherlands,Red Dead Redemption 2
uh7znjzhobhgs59ymzy6ekdkfordclvf,pani Anastazja Litwiniuk,Gameplay Overhaul,Poland,Assassin's Creed Unity
wqeao4n5pp3xvkvzrgol0w82lk2n7h9g,Ульян Бориславович Васильев,Quality of Life,Russia,Black Skylands
vpr8hbgwnjlvt7rlf3q6thyg195xya06,Park Dong-hyun,Bug Fix,South Korea,Where The Water Tastes Like Wine
feaackxxqo4078kxibk7ckasul64qbwp,Paul Obrien,New Content,United States,Torchlight
z06h1tp7qnc1tgs2sbmk9al7tng1755x,Jason Fleming,New Content,Australia,Rayman Origins
mdzqcbzamd270stlpq2wgxo05qpahkz2,Mr. James Brown,New Content,Australia,Chicory: A Colorful Tale
po7btpdo7yfkpi9byq71uha6f6m2xg2r,Monica Pölitz B.Eng.,Quality of Life,Germany,South Park™: The Fractured But Whole™ Standard Edition
sevl7fq8aby595cpjze1xtar0ko31nzs,Kristina Olsson,Translation,Sweden,Tom Clancy's Splinter Cell
ji2zzj0631jeccoavbmwbg12dmwtdjyk,John Wilson,Sound Overhaul,United States,The First Tree
82u972sbjhwnlcwsoieyl92aqv2kn4ar,Eugene Hudson,Bug Fix,United States,The Plane Effect
nfuc4wsscn9obxc56kvwpwmswd3n36j8,Richard Warren,Quality of Life,China,Steep Standard Edition
qk0gm5ffk6o81yricvkmv4hmm04k3hf9,Prof. Adolfine Wieloch B.Sc.,New Content,Germany,Far Cry 3: Blood Dragon
98pfine982vhfmugh9vwidv8y8md0mx8,Brian Coleman,New Content,Australia,Destroy All Humans!
jt9t11php0xi5bj5d5e3h0y4vpw232ut,Carl Göransson,Bug Fix,Sweden,Viscerafest
bu9w3ggo9dvws3kcvjxzdvyb4xz3mskz,Andrew Wood,Quality of Life,United States,Vampyr
pvxwayjznlfph1kt03v0jbukxpozryly,Javier Wilson,New Content,United States,TowerFall Ascension
xnbtbcgtijst72v3m4lkmswvbcghd6ek,Carol Huber,New Content,United States,Darkest Dungeon II
5m8kb9w4uov51zlboriq8hke226parsg,Daniel Perry,Balance Adjustment,China,Rebel Galaxy
i7rwwrjq6qpnpn728zhzd71286hkfd9j,Oh Do-yeon,Gameplay Overhaul,South Korea,Mafia: Trilogy
928q0p5mw1c8n3vo0en9uu2y4ix0hy9k,Tiffany Garcia,New Content,Australia,Human Resource Machine
d6meau794mjnrfujjqkxtd4zw51pluky,Беляева Раиса Никифоровна,Gameplay Overhaul,Russia,Neurodeck
lofas1ektyr1k12v2tg5pizx3hcws2wy,Joakim Magnusson,Gameplay Overhaul,Sweden,The Jackbox Party Pack 7
0bgyxlw7ld7ce8yulpgu108yjppvbqan,Dr Kathryn White,New Content,United Kingdom,Sunblaze
40gyezci7aolhgv868cdun519m9n3137,Eric Leon,Graphics Enhancement,United States,Football Manager 2022
0bheygbcpc5ax0qu37ildy59kmlyhcnf,Лазарь Ермилович Суворов,New Content,Russia,Voidtrain
j7mjqo1du7v8fy1apb0df56tizankumy,Timothy Wood,Graphics Enhancement,United States,Void Bastards
uc8sokpaag3dur5p40tfu3cegsa1tb5i,Luiz Fernando Leão,New Content,Brazil,Remnant: From the Ashes
nwi5flul1rsrla8s8hmbr5xqt4p501no,Hayashi Sora,Graphics Enhancement,Japan,Rebel Cops
ebcdw57iahs3uc3wfew012o78dcpwl6b,Deborah Bradshaw,New Content,United Kingdom,Railway Empire
nwkq4ksd9gao4h86dd372dtf2533uot4,Marie Meyer,Gameplay Overhaul,France,"3 out of 10, EP 5: The Rig Is Up!"
dlhty2ltubrw62w0dkts3m1w2ekpdvvj,Jessica Diaz,New Content,China,A Knights Quest
3njbcfa95d7efjgc46hd2orwhp6wqfk6,Sarah Phelps,Translation,United States,Good Company
gez551uupmf054rzrw19sg6byhadcbug,Erin Campbell,Balance Adjustment,United States,Scarlet Hood and the Wicked Wood
olafsjwccwwjabxxwnrsnimux73a4rh7,Jennifer Gonzalez,New Content,United States,Black Widow: Recharged
n9wicvb3awsqpizl7td04xfpp54tqsje,Martin Johnson,Graphics Enhancement,United States,Tribes of Midgard
oi4p2gayqmgj96ze6e24i1agzgxvxc6s,Ross Turner-Barker,Gameplay Overhaul,United Kingdom,Fortnite
odkd3hhgwhp08d2qlaw8f52k1d1gnt9z,Hwang Min-ho,Quality of Life,South Korea,Wattam
ezzg6dlmfbdwu1g7pndxmz2cao1kvldh,Michael Fitzgerald,New Content,United States,GNOG
c5ryxmrnfie16nujl5jhr72xku49a9op,Russell Rojas,Sound Overhaul,United States,Tom Clancy's Rainbow Six Extraction
87jh4z8d2vfhzpqvjldnhm63q68jov58,Prof. Amalie Schönland B.Sc.,Graphics Enhancement,Germany,LEGO® Batman™ 3: Beyond Gotham
f93z9qblzzbln9eqrjo4rle9ggz64724,Suzuki Sora,Sound Overhaul,Japan,Trover Saves the Universe
bf6bio00o72q4m8nmkwcj8dl4jm0d6fw,Yoo Dong-hyun,Balance Adjustment,South Korea,The Eternal Cylinder
nat0a573hxb8b6j393oxesp7j6v4523a,Bae Seo-yeon,Quality of Life,South Korea,Northgard
af7w0jyscsw9ebf4tqeybfumh1mlfl3k,Jan Holmqvist,Quality of Life,Sweden,Disaster Report 4: Summer Memories
8mq1f6ysv7rlm3dzv3hrldtey6gayojo,Tanya Hardin,Graphics Enhancement,United States,TOHU
mlox8gct3m9gx06awkzczvvws6moku8h,Terry Lewis,Quality of Life,United States,Post Scriptum Modding SDK
1jr7hhim0f8u88yn45jdl8g4q9lkca6c,Andrew King-Stewart,Gameplay Overhaul,United Kingdom,Legends of Runeterra
jaq08dnx80nkxkbefq796ew8257ge0q5,William-Isaac Mathieu,Sound Overhaul,France,RimWorld
o9nxxklua07fmn3wz3vu2t8qc13hzi1g,Darrell Martinez,Graphics Enhancement,United States,GRIME
6uuma2f7ua5taxuvozkf3tithgno2khv,Kevin Terry,Graphics Enhancement,United States,MONOPOLY MADNESS
h6ca4nuwbmb1flx0gij1l2c01ii9v6w0,Sven Andersson,Balance Adjustment,Sweden,Partisans 1941
us50av7h4vcku3cqbheyysm4yyq342dy,Yang Jun-ho,Bug Fix,South Korea,Untitled Goose Game
jaymaxymflhblqx5t2wf559an2zwrqxk,Sydney Robles,Quality of Life,United States,Swords of Legends Online
cdrtql7yelo5ogjh7g160wr0mirno6p2,Комаров Станислав Бориславович,Graphics Enhancement,Russia,2064: Read Only Memories
xpkn3b8pfy4qcyd52alunqr8o1kjwv2q,Diana Vaughn,Graphics Enhancement,Australia,Blade Strangers
9n1ujypm7u4akunqhnvoxwcrroeg7bwo,Agnieszka Roj,Bug Fix,Poland,The Escapists
l7painwny5tnwfmrvpnm1oe7rfkvdek7,Oh Ye-jun,Graphics Enhancement,South Korea,Alex Kidd in Miracle World DX
h7abm4ml2iqr2ahnyrvfontyadjc88kl,Родионова Евгения Рудольфовна,Graphics Enhancement,Russia,Tribes of Midgard
3xccpl8n2hz106jcdcgbizbqtoqcq2ih,Joshua Shaw,New Content,United States,Unexplored 2: The Wayfarer's Legacy
a5rbaykis11d2mrmtxjq3kmsx54rjsxf,Lennart Eriksson,Gameplay Overhaul,Sweden,Ticket to Ride
12c523f4cg41d7186pmd2q4db2xs3hdp,Watanabe Yuna,Translation,Japan,Trüberbrook
n9gzw4rdr8ftl8xt5cmevc3y22cs9nxo,Clare Taylor,Graphics Enhancement,United Kingdom,Lake
gttmppjbeahy5ho37pjpo3cvs3zrb9op,Hugh Johnson-Vaughan,Quality of Life,United Kingdom,Scourgebringer
rq2v73zkr3db8uo5nymmfuqfyhsj9aha,Raisa Haering MBA.,New Content,Germany,Shadowrun Returns
ojdyuaj2obtcw6j2tiplk5bov3036b3y,Morgan Wilson,Sound Overhaul,United States,Bus Simulator 21 - Modding Kit
1ctzgwkidnfe9o1xgjngvspj0lxwtr1u,Dr Damian Jones,Graphics Enhancement,United Kingdom,Control
w90dwrn4uiyxe4swfs5zuthuwpb83u66,Бобров Евстигней Егорович,Graphics Enhancement,Russia,World of Warships
8dh2j95zk7a4vxfi1vlbfzxn4gyvyv8l,Jann Schuster-Mies,New Content,Germany,Rayman Origins
dfaw1lxxd8t18s1saxt8jh34udtlvr7m,Frances Taylor,Quality of Life,United Kingdom,Opera GX - The First Browser for Gamers
4jplnw60wjnjubhp0lnfec9jroi7buat,Laurie Garcia,New Content,United States,Crashlands
orqfbckpkm7z7s3gw8x3kddm5rvfh5x1,Lauren Sutton,Gameplay Overhaul,United States,Assassin's Creed® I: Director's Cut
u5cfp37cdhzg58xyjwwbk8r1z4qt7zvn,Dipl.-Ing. Jochen Kraushaar,New Content,Germany,The Signifier: Director's Cut
agp510lgs48a8hts1p2k6mu0d1tt03vs,Henrike Geisel B.A.,New Content,Germany,The Fabled Woods
xqktqmj6am0513xjwbuuz2h806m6g5g2,Nakamura Akira,Graphics Enhancement,Japan,Stories Untold
xqzvk9zw56071nmo3deei9yrjw8mm5w7,Brittany Shaw,New Content,United States,Hellpoint
im28aqwd1bqfdtnbs5xrga3l71029dg3,Mark Harvey,Graphics Enhancement,United States,Scrapnaut
5iqnf74t60plozjcns6g298cqk4ltahu,Krystal Stewart,Graphics Enhancement,Australia,A Total War Saga: TROY
khkvxamlnt5fxjuq19u6r469frffm97n,Dipl.-Ing. Elmar Fechner B.Sc.,Bug Fix,Germany,Blaster Master Zero 3
